date_time,visibility
2023-12-18 22:20:00+00:00,5.4
2023-12-18 22:30:00+00:00,5.56
2023-12-18 22:40:00+00:00,6.09
2023-12-18 22:50:00+00:00,5.63
2023-12-18 23:00:00+00:00,5.58
2023-12-18 23:10:00+00:00,7.07
2023-12-18 23:20:00+00:00,6.71
2023-12-18 23:30:00+00:00,7.06
2023-12-18 23:40:00+00:00,7.02
2023-12-18 23:50:00+00:00,7.21
2023-12-19 00:00:00+00:00,6.43
2023-12-19 00:10:00+00:00,6.26
2023-12-19 00:20:00+00:00,7.78
2023-12-19 00:30:00+00:00,7.72
2023-12-19 00:40:00+00:00,7.86
2023-12-19 00:50:00+00:00,7.53
2023-12-19 01:00:00+00:00,7.41
2023-12-19 01:10:00+00:00,7.49
2023-12-19 01:20:00+00:00,7.77
2023-12-19 01:30:00+00:00,7.95
2023-12-19 01:40:00+00:00,7.89
2023-12-19 01:50:00+00:00,7.82
2023-12-19 02:00:00+00:00,8.37
2023-12-19 02:10:00+00:00,8.24
2023-12-19 02:20:00+00:00,8.3
2023-12-19 02:30:00+00:00,7.95
2023-12-19 02:40:00+00:00,8.25
2023-12-19 02:50:00+00:00,8.28
2023-12-19 03:10:00+00:00,7.91
2023-12-19 03:20:00+00:00,7.73
2023-12-19 03:30:00+00:00,8.1
2023-12-19 03:40:00+00:00,8.67
2023-12-19 03:50:00+00:00,7.92
2023-12-19 04:00:00+00:00,7.56
2023-12-19 04:10:00+00:00,7.8
2023-12-19 04:20:00+00:00,7.61
2023-12-19 04:30:00+00:00,7.64
2023-12-19 04:40:00+00:00,7.74
2023-12-19 04:50:00+00:00,7.46
2023-12-19 05:00:00+00:00,7.25
2023-12-19 05:10:00+00:00,7.1
2023-12-19 05:20:00+00:00,7.12
2023-12-19 05:30:00+00:00,7.11
2023-12-19 05:40:00+00:00,6.48
2023-12-19 05:50:00+00:00,6.88
2023-12-19 06:00:00+00:00,7.25
2023-12-19 06:10:00+00:00,7.01
2023-12-19 06:20:00+00:00,6.97
2023-12-19 06:30:00+00:00,7.42
2023-12-19 06:40:00+00:00,7.87
2023-12-19 06:50:00+00:00,7.67
2023-12-19 07:00:00+00:00,7.98
2023-12-19 07:10:00+00:00,8.2
2023-12-19 07:20:00+00:00,7.5
2023-12-19 07:30:00+00:00,7.23
2023-12-19 07:40:00+00:00,7.01
2023-12-19 07:50:00+00:00,7.15
2023-12-19 08:00:00+00:00,7.42
2023-12-19 08:10:00+00:00,7.14
2023-12-19 08:20:00+00:00,7.33
2023-12-19 08:30:00+00:00,6.89
2023-12-19 08:40:00+00:00,6.78
2023-12-19 08:50:00+00:00,6.71
2023-12-19 09:00:00+00:00,6.45
2023-12-19 09:10:00+00:00,6.63
2023-12-19 09:20:00+00:00,6.56
2023-12-19 09:30:00+00:00,6.11
2023-12-19 09:40:00+00:00,6.92
2023-12-19 09:50:00+00:00,8.43
2023-12-19 10:00:00+00:00,7.74
2023-12-19 10:10:00+00:00,8.24
2023-12-19 10:20:00+00:00,7.77
2023-12-19 10:30:00+00:00,7.13
2023-12-19 10:40:00+00:00,6.6
2023-12-19 10:50:00+00:00,6.07
2023-12-19 11:00:00+00:00,6.97
2023-12-19 11:10:00+00:00,6.49
2023-12-19 11:20:00+00:00,5.58
2023-12-19 11:30:00+00:00,4.92
2023-12-19 11:40:00+00:00,4.96
2023-12-19 11:50:00+00:00,5.29
2023-12-19 12:00:00+00:00,5.07
2023-12-19 12:10:00+00:00,4.31
2023-12-19 12:20:00+00:00,4.81
2023-12-19 12:30:00+00:00,2.66
2023-12-19 12:40:00+00:00,1.11
2023-12-19 12:50:00+00:00,0.84
2023-12-19 13:00:00+00:00,0.35
2023-12-19 13:10:00+00:00,0.21
2023-12-19 13:20:00+00:00,0.28
2023-12-19 13:30:00+00:00,0.3
2023-12-19 13:40:00+00:00,0.34
2023-12-19 13:50:00+00:00,0.14
2023-12-19 14:00:00+00:00,0.13
2023-12-19 14:10:00+00:00,0.15
2023-12-19 14:20:00+00:00,0.3
2023-12-19 14:30:00+00:00,2.9
2023-12-19 14:40:00+00:00,3.01
2023-12-19 14:50:00+00:00,4.41
2023-12-19 15:00:00+00:00,6.87
2023-12-19 15:10:00+00:00,6.97
2023-12-19 15:20:00+00:00,5.92
2023-12-19 15:30:00+00:00,8.38
2023-12-19 15:40:00+00:00,6.8
2023-12-19 15:50:00+00:00,6.63
2023-12-19 16:00:00+00:00,7.15
2023-12-19 16:10:00+00:00,6.5
2023-12-19 16:20:00+00:00,10.0
2023-12-19 16:30:00+00:00,10.0
2023-12-19 16:40:00+00:00,10.0
2023-12-19 16:50:00+00:00,10.0
2023-12-19 17:00:00+00:00,10.0
2023-12-19 17:10:00+00:00,10.0
2023-12-19 17:20:00+00:00,10.0
2023-12-19 17:30:00+00:00,10.0
2023-12-19 17:40:00+00:00,10.0
2023-12-19 17:50:00+00:00,10.0
2023-12-19 18:00:00+00:00,10.0
2023-12-19 18:10:00+00:00,10.0
2023-12-19 18:20:00+00:00,10.0
2023-12-19 18:30:00+00:00,10.0
2023-12-19 18:40:00+00:00,10.0
2023-12-19 18:50:00+00:00,10.0
2023-12-19 19:00:00+00:00,10.0
2023-12-19 19:10:00+00:00,10.0
2023-12-19 19:20:00+00:00,9.6
2023-12-19 19:30:00+00:00,8.65
2023-12-19 19:40:00+00:00,10.0
2023-12-19 19:50:00+00:00,10.0
2023-12-19 20:00:00+00:00,10.0
2023-12-19 20:10:00+00:00,10.0
2023-12-19 20:20:00+00:00,10.0
2023-12-19 20:30:00+00:00,10.0
2023-12-19 20:40:00+00:00,10.0
2023-12-19 20:50:00+00:00,10.0
2023-12-19 21:00:00+00:00,10.0
2023-12-19 21:10:00+00:00,10.0
2023-12-19 21:20:00+00:00,10.0
2023-12-19 21:30:00+00:00,10.0
2023-12-19 21:50:00+00:00,10.0
2023-12-19 22:00:00+00:00,10.0
2023-12-19 22:10:00+00:00,10.0
2023-12-19 22:20:00+00:00,10.0
2023-12-19 22:30:00+00:00,10.0
2023-12-19 22:40:00+00:00,10.0
2023-12-19 22:50:00+00:00,10.0
2023-12-19 23:00:00+00:00,10.0
2023-12-19 23:10:00+00:00,10.0
2023-12-19 23:20:00+00:00,10.0
2023-12-19 23:30:00+00:00,10.0
2023-12-19 23:40:00+00:00,10.0
2023-12-19 23:50:00+00:00,10.0
2023-12-20 00:00:00+00:00,10.0
2023-12-20 00:10:00+00:00,10.0
2023-12-20 00:20:00+00:00,10.0
2023-12-20 00:30:00+00:00,10.0
2023-12-20 00:40:00+00:00,10.0
2023-12-20 00:50:00+00:00,10.0
2023-12-20 01:00:00+00:00,10.0
2023-12-20 01:10:00+00:00,10.0
2023-12-20 01:20:00+00:00,10.0
2023-12-20 01:30:00+00:00,10.0
2023-12-20 01:40:00+00:00,10.0
2023-12-20 01:50:00+00:00,10.0
2023-12-20 02:00:00+00:00,10.0
2023-12-20 02:10:00+00:00,10.0
2023-12-20 02:20:00+00:00,10.0
2023-12-20 02:30:00+00:00,10.0
2023-12-20 02:40:00+00:00,10.0
2023-12-20 02:50:00+00:00,10.0
2023-12-20 03:00:00+00:00,10.0
2023-12-20 03:10:00+00:00,10.0
2023-12-20 03:20:00+00:00,10.0
2023-12-20 03:30:00+00:00,10.0
2023-12-20 03:40:00+00:00,10.0
2023-12-20 03:50:00+00:00,10.0
2023-12-20 04:00:00+00:00,10.0
2023-12-20 04:10:00+00:00,10.0
2023-12-20 04:20:00+00:00,10.0
2023-12-20 04:30:00+00:00,10.0
2023-12-20 04:40:00+00:00,10.0
2023-12-20 04:50:00+00:00,10.0
2023-12-20 05:00:00+00:00,10.0
2023-12-20 05:10:00+00:00,10.0
2023-12-20 05:20:00+00:00,10.0
2023-12-20 05:30:00+00:00,10.0
2023-12-20 05:40:00+00:00,10.0
2023-12-20 05:50:00+00:00,10.0
2023-12-20 06:00:00+00:00,10.0
2023-12-20 06:10:00+00:00,10.0
2023-12-20 06:20:00+00:00,10.0
2023-12-20 06:30:00+00:00,10.0
2023-12-20 06:40:00+00:00,10.0
2023-12-20 06:50:00+00:00,10.0
2023-12-20 07:00:00+00:00,10.0
2023-12-20 07:10:00+00:00,10.0
2023-12-20 07:20:00+00:00,10.0
2023-12-20 07:30:00+00:00,10.0
2023-12-20 07:40:00+00:00,10.0
2023-12-20 07:50:00+00:00,10.0
2023-12-20 08:00:00+00:00,10.0
2023-12-20 08:10:00+00:00,10.0
2023-12-20 08:20:00+00:00,10.0
2023-12-20 08:30:00+00:00,10.0
2023-12-20 08:40:00+00:00,10.0
2023-12-20 08:50:00+00:00,10.0
2023-12-20 09:00:00+00:00,10.0
2023-12-20 09:10:00+00:00,10.0
2023-12-20 09:30:00+00:00,10.0
2023-12-20 09:40:00+00:00,10.0
2023-12-20 09:50:00+00:00,10.0
2023-12-20 10:00:00+00:00,10.0
2023-12-20 10:10:00+00:00,10.0
2023-12-20 10:20:00+00:00,10.0
2023-12-20 10:30:00+00:00,10.0
2023-12-20 10:40:00+00:00,10.0
2023-12-20 10:50:00+00:00,10.0
2023-12-20 11:00:00+00:00,10.0
2023-12-20 11:10:00+00:00,10.0
2023-12-20 11:20:00+00:00,10.0
2023-12-20 11:30:00+00:00,10.0
2023-12-20 11:40:00+00:00,10.0
2023-12-20 11:50:00+00:00,10.0
2023-12-20 12:00:00+00:00,10.0
2023-12-20 12:10:00+00:00,10.0
2023-12-20 12:20:00+00:00,10.0
2023-12-20 12:30:00+00:00,10.0
2023-12-20 12:40:00+00:00,10.0
2023-12-20 12:50:00+00:00,10.0
2023-12-20 13:00:00+00:00,10.0
2023-12-20 13:10:00+00:00,10.0
2023-12-20 13:20:00+00:00,10.0
2023-12-20 13:30:00+00:00,10.0
2023-12-20 13:40:00+00:00,10.0
2023-12-20 13:50:00+00:00,10.0
2023-12-20 14:00:00+00:00,10.0
2023-12-20 14:10:00+00:00,10.0
2023-12-20 14:20:00+00:00,10.0
2023-12-20 14:30:00+00:00,10.0
2023-12-20 14:40:00+00:00,10.0
2023-12-20 14:50:00+00:00,10.0
2023-12-20 15:00:00+00:00,10.0
2023-12-20 15:10:00+00:00,10.0
2023-12-20 15:20:00+00:00,10.0
2023-12-20 15:30:00+00:00,10.0
2023-12-20 15:40:00+00:00,10.0
2023-12-20 15:50:00+00:00,10.0
2023-12-20 16:00:00+00:00,10.0
2023-12-20 16:10:00+00:00,10.0
2023-12-20 16:20:00+00:00,10.0
2023-12-20 16:30:00+00:00,10.0
2023-12-20 16:40:00+00:00,10.0
2023-12-20 16:50:00+00:00,10.0
2023-12-20 17:00:00+00:00,10.0
2023-12-20 17:10:00+00:00,10.0
2023-12-20 17:20:00+00:00,10.0
2023-12-20 17:30:00+00:00,10.0
2023-12-20 17:40:00+00:00,10.0
2023-12-20 17:50:00+00:00,10.0
2023-12-20 18:00:00+00:00,10.0
2023-12-20 18:10:00+00:00,10.0
2023-12-20 18:20:00+00:00,10.0
2023-12-20 18:30:00+00:00,10.0
2023-12-20 18:40:00+00:00,10.0
2023-12-20 18:50:00+00:00,10.0
2023-12-20 19:00:00+00:00,10.0
2023-12-20 19:10:00+00:00,10.0
2023-12-20 19:20:00+00:00,10.0
2023-12-20 19:30:00+00:00,10.0
2023-12-20 19:40:00+00:00,10.0
2023-12-20 19:50:00+00:00,10.0
2023-12-20 20:00:00+00:00,10.0
2023-12-20 20:10:00+00:00,10.0
2023-12-20 20:20:00+00:00,10.0
2023-12-20 20:30:00+00:00,10.0
2023-12-20 20:40:00+00:00,10.0
2023-12-20 20:50:00+00:00,10.0
2023-12-20 21:00:00+00:00,10.0
2023-12-20 21:10:00+00:00,10.0
2023-12-20 21:20:00+00:00,10.0
2023-12-20 21:30:00+00:00,10.0
2023-12-20 21:40:00+00:00,10.0
2023-12-20 21:50:00+00:00,10.0
2023-12-20 22:00:00+00:00,10.0
2023-12-20 22:10:00+00:00,10.0
2023-12-20 22:20:00+00:00,10.0
2023-12-20 22:30:00+00:00,10.0
2023-12-20 22:40:00+00:00,10.0
2023-12-20 22:50:00+00:00,10.0
2023-12-20 23:00:00+00:00,10.0
2023-12-20 23:10:00+00:00,10.0
2023-12-20 23:20:00+00:00,10.0
2023-12-20 23:30:00+00:00,10.0
2023-12-20 23:40:00+00:00,10.0
2023-12-20 23:50:00+00:00,10.0
2023-12-21 00:00:00+00:00,10.0
2023-12-21 00:10:00+00:00,10.0
2023-12-21 00:20:00+00:00,10.0
2023-12-21 00:30:00+00:00,10.0
2023-12-21 00:50:00+00:00,10.0
2023-12-21 01:00:00+00:00,10.0
2023-12-21 01:10:00+00:00,10.0
2023-12-21 01:20:00+00:00,10.0
2023-12-21 01:30:00+00:00,10.0
2023-12-21 01:40:00+00:00,10.0
2023-12-21 01:50:00+00:00,10.0
2023-12-21 02:00:00+00:00,10.0
2023-12-21 02:10:00+00:00,10.0
2023-12-21 02:20:00+00:00,10.0
2023-12-21 02:30:00+00:00,10.0
2023-12-21 02:40:00+00:00,10.0
2023-12-21 02:50:00+00:00,10.0
2023-12-21 03:00:00+00:00,10.0
2023-12-21 03:10:00+00:00,10.0
2023-12-21 03:20:00+00:00,10.0
2023-12-21 03:30:00+00:00,10.0
2023-12-21 03:40:00+00:00,10.0
2023-12-21 03:50:00+00:00,10.0
2023-12-21 04:00:00+00:00,10.0
2023-12-21 04:10:00+00:00,10.0
2023-12-21 04:20:00+00:00,10.0
2023-12-21 04:30:00+00:00,10.0
2023-12-21 04:40:00+00:00,10.0
2023-12-21 04:50:00+00:00,10.0
2023-12-21 05:00:00+00:00,10.0
2023-12-21 05:10:00+00:00,10.0
2023-12-21 05:20:00+00:00,10.0
2023-12-21 05:30:00+00:00,10.0
2023-12-21 05:40:00+00:00,10.0
2023-12-21 05:50:00+00:00,10.0
2023-12-21 06:00:00+00:00,10.0
2023-12-21 06:10:00+00:00,10.0
2023-12-21 06:20:00+00:00,10.0
2023-12-21 06:30:00+00:00,10.0
2023-12-21 06:40:00+00:00,10.0
2023-12-21 06:50:00+00:00,10.0
2023-12-21 07:00:00+00:00,10.0
2023-12-21 07:10:00+00:00,10.0
2023-12-21 07:20:00+00:00,10.0
2023-12-21 07:30:00+00:00,10.0
2023-12-21 07:40:00+00:00,10.0
2023-12-21 07:50:00+00:00,10.0
2023-12-21 08:00:00+00:00,10.0
2023-12-21 08:10:00+00:00,10.0
2023-12-21 08:20:00+00:00,10.0
2023-12-21 08:30:00+00:00,10.0
2023-12-21 08:40:00+00:00,10.0
2023-12-21 08:50:00+00:00,10.0
2023-12-21 09:00:00+00:00,10.0
2023-12-21 09:10:00+00:00,10.0
2023-12-21 09:20:00+00:00,10.0
2023-12-21 09:30:00+00:00,10.0
2023-12-21 09:40:00+00:00,10.0
2023-12-21 09:50:00+00:00,10.0
2023-12-21 10:00:00+00:00,10.0
2023-12-21 10:10:00+00:00,10.0
2023-12-21 10:20:00+00:00,10.0
2023-12-21 10:30:00+00:00,10.0
2023-12-21 10:40:00+00:00,10.0
2023-12-21 10:50:00+00:00,10.0
2023-12-21 11:00:00+00:00,10.0
2023-12-21 11:10:00+00:00,10.0
2023-12-21 11:20:00+00:00,10.0
2023-12-21 11:30:00+00:00,10.0
2023-12-21 11:40:00+00:00,10.0
2023-12-21 11:50:00+00:00,10.0
2023-12-21 12:00:00+00:00,10.0
2023-12-21 12:10:00+00:00,10.0
2023-12-21 12:20:00+00:00,10.0
2023-12-21 12:30:00+00:00,10.0
2023-12-21 12:40:00+00:00,10.0
2023-12-21 12:50:00+00:00,10.0
2023-12-21 13:00:00+00:00,10.0
2023-12-21 13:10:00+00:00,10.0
2023-12-21 13:20:00+00:00,10.0
2023-12-21 13:30:00+00:00,10.0
2023-12-21 13:40:00+00:00,10.0
2023-12-21 13:50:00+00:00,10.0
2023-12-21 14:00:00+00:00,10.0
2023-12-21 14:10:00+00:00,10.0
2023-12-21 14:20:00+00:00,10.0
2023-12-21 14:30:00+00:00,10.0
2023-12-21 14:40:00+00:00,10.0
2023-12-21 14:50:00+00:00,10.0
2023-12-21 15:00:00+00:00,10.0
2023-12-21 15:10:00+00:00,10.0
2023-12-21 15:20:00+00:00,10.0
2023-12-21 15:30:00+00:00,10.0
2023-12-21 15:40:00+00:00,10.0
2023-12-21 15:50:00+00:00,10.0
2023-12-21 16:00:00+00:00,10.0
2023-12-21 16:10:00+00:00,10.0
2023-12-21 16:20:00+00:00,10.0
2023-12-21 16:30:00+00:00,10.0
2023-12-21 16:40:00+00:00,10.0
2023-12-21 16:50:00+00:00,10.0
2023-12-21 17:00:00+00:00,10.0
2023-12-21 17:10:00+00:00,10.0
2023-12-21 17:20:00+00:00,10.0
2023-12-21 17:30:00+00:00,10.0
2023-12-21 17:40:00+00:00,10.0
2023-12-21 18:00:00+00:00,10.0
2023-12-21 18:10:00+00:00,10.0
2023-12-21 18:20:00+00:00,10.0
2023-12-21 18:30:00+00:00,10.0
2023-12-21 18:40:00+00:00,10.0
2023-12-21 18:50:00+00:00,10.0
2023-12-21 19:00:00+00:00,10.0
2023-12-21 19:10:00+00:00,10.0
2023-12-21 19:20:00+00:00,10.0
2023-12-21 19:30:00+00:00,10.0
2023-12-21 19:40:00+00:00,10.0
2023-12-21 19:50:00+00:00,10.0
2023-12-21 20:00:00+00:00,10.0
2023-12-21 20:10:00+00:00,10.0
2023-12-21 20:20:00+00:00,10.0
2023-12-21 20:30:00+00:00,10.0
2023-12-21 20:40:00+00:00,10.0
2023-12-21 20:50:00+00:00,10.0
2023-12-21 21:00:00+00:00,10.0
2023-12-21 21:10:00+00:00,10.0
2023-12-21 21:20:00+00:00,10.0
2023-12-21 21:30:00+00:00,10.0
2023-12-21 21:40:00+00:00,10.0
2023-12-21 21:50:00+00:00,10.0
2023-12-21 22:10:00+00:00,10.0
2023-12-21 22:20:00+00:00,10.0
2023-12-21 22:30:00+00:00,10.0
2023-12-21 22:40:00+00:00,10.0
2023-12-21 22:50:00+00:00,10.0
2023-12-21 23:00:00+00:00,10.0
2023-12-21 23:10:00+00:00,10.0
2023-12-21 23:20:00+00:00,10.0
2023-12-21 23:30:00+00:00,10.0
2023-12-21 23:40:00+00:00,10.0
2023-12-21 23:50:00+00:00,10.0
2023-12-22 00:00:00+00:00,10.0
2023-12-22 00:10:00+00:00,10.0
2023-12-22 00:20:00+00:00,10.0
2023-12-22 00:30:00+00:00,10.0
2023-12-22 00:40:00+00:00,10.0
2023-12-22 00:50:00+00:00,10.0
2023-12-22 01:00:00+00:00,10.0
2023-12-22 01:10:00+00:00,10.0
2023-12-22 01:20:00+00:00,10.0
2023-12-22 01:30:00+00:00,10.0
2023-12-22 01:40:00+00:00,10.0
2023-12-22 01:50:00+00:00,10.0
2023-12-22 02:00:00+00:00,10.0
2023-12-22 02:10:00+00:00,10.0
2023-12-22 02:20:00+00:00,10.0
2023-12-22 02:30:00+00:00,10.0
2023-12-22 02:40:00+00:00,10.0
2023-12-22 02:50:00+00:00,10.0
2023-12-22 03:00:00+00:00,10.0
2023-12-22 03:10:00+00:00,10.0
2023-12-22 03:20:00+00:00,10.0
2023-12-22 03:30:00+00:00,10.0
2023-12-22 03:40:00+00:00,10.0
2023-12-22 03:50:00+00:00,10.0
2023-12-22 04:00:00+00:00,10.0
2023-12-22 04:10:00+00:00,10.0
2023-12-22 04:20:00+00:00,10.0
2023-12-22 04:30:00+00:00,10.0
2023-12-22 04:40:00+00:00,10.0
2023-12-22 04:50:00+00:00,10.0
2023-12-22 05:00:00+00:00,10.0
2023-12-22 05:10:00+00:00,10.0
2023-12-22 05:20:00+00:00,10.0
2023-12-22 05:30:00+00:00,10.0
2023-12-22 05:40:00+00:00,10.0
2023-12-22 05:50:00+00:00,10.0
2023-12-22 06:00:00+00:00,10.0
2023-12-22 06:10:00+00:00,10.0
2023-12-22 06:20:00+00:00,10.0
2023-12-22 06:30:00+00:00,10.0
2023-12-22 06:40:00+00:00,10.0
2023-12-22 06:50:00+00:00,10.0
2023-12-22 07:00:00+00:00,10.0
2023-12-22 07:10:00+00:00,10.0
2023-12-22 07:20:00+00:00,10.0
2023-12-22 07:30:00+00:00,10.0
2023-12-22 07:40:00+00:00,10.0
2023-12-22 07:50:00+00:00,10.0
2023-12-22 08:00:00+00:00,10.0
2023-12-22 08:20:00+00:00,10.0
2023-12-22 08:30:00+00:00,10.0
2023-12-22 08:40:00+00:00,10.0
2023-12-22 08:50:00+00:00,10.0
2023-12-22 09:00:00+00:00,10.0
2023-12-22 09:10:00+00:00,10.0
2023-12-22 09:20:00+00:00,10.0
2023-12-22 09:30:00+00:00,10.0
2023-12-22 09:40:00+00:00,10.0
2023-12-22 09:50:00+00:00,10.0
2023-12-22 10:00:00+00:00,10.0
2023-12-22 10:10:00+00:00,10.0
2023-12-22 10:20:00+00:00,10.0
2023-12-22 10:30:00+00:00,10.0
2023-12-22 10:40:00+00:00,10.0
2023-12-22 10:50:00+00:00,10.0
2023-12-22 11:00:00+00:00,10.0
2023-12-22 11:10:00+00:00,10.0
2023-12-22 11:20:00+00:00,10.0
2023-12-22 11:30:00+00:00,10.0
2023-12-22 11:40:00+00:00,10.0
2023-12-22 11:50:00+00:00,10.0
2023-12-22 12:00:00+00:00,10.0
2023-12-22 12:10:00+00:00,10.0
2023-12-22 12:20:00+00:00,10.0
2023-12-22 12:30:00+00:00,10.0
2023-12-22 12:40:00+00:00,10.0
2023-12-22 12:50:00+00:00,10.0
2023-12-22 13:00:00+00:00,10.0
2023-12-22 13:10:00+00:00,10.0
2023-12-22 13:20:00+00:00,10.0
2023-12-22 13:30:00+00:00,10.0
2023-12-22 13:40:00+00:00,10.0
2023-12-22 13:50:00+00:00,10.0
2023-12-22 14:00:00+00:00,10.0
2023-12-22 14:10:00+00:00,10.0
2023-12-22 14:20:00+00:00,10.0
2023-12-22 14:30:00+00:00,10.0
2023-12-22 14:40:00+00:00,10.0
2023-12-22 14:50:00+00:00,10.0
2023-12-22 15:00:00+00:00,10.0
2023-12-22 15:10:00+00:00,10.0
2023-12-22 15:20:00+00:00,10.0
2023-12-22 15:30:00+00:00,10.0
2023-12-22 15:40:00+00:00,10.0
2023-12-22 15:50:00+00:00,10.0
2023-12-22 16:00:00+00:00,10.0
2023-12-22 16:10:00+00:00,10.0
2023-12-22 16:20:00+00:00,10.0
2023-12-22 16:30:00+00:00,10.0
2023-12-22 16:40:00+00:00,10.0
2023-12-22 16:50:00+00:00,10.0
2023-12-22 17:00:00+00:00,10.0
2023-12-22 17:10:00+00:00,10.0
2023-12-22 17:20:00+00:00,10.0
2023-12-22 17:30:00+00:00,10.0
2023-12-22 17:40:00+00:00,10.0
2023-12-22 17:50:00+00:00,10.0
2023-12-22 18:00:00+00:00,10.0
2023-12-22 18:10:00+00:00,10.0
2023-12-22 18:20:00+00:00,10.0
2023-12-22 18:30:00+00:00,10.0
2023-12-22 18:40:00+00:00,10.0
2023-12-22 18:50:00+00:00,10.0
2023-12-22 19:00:00+00:00,10.0
2023-12-22 19:10:00+00:00,10.0
2023-12-22 19:20:00+00:00,10.0
2023-12-22 19:30:00+00:00,10.0
2023-12-22 19:40:00+00:00,10.0
2023-12-22 19:50:00+00:00,10.0
2023-12-22 20:00:00+00:00,10.0
2023-12-22 20:10:00+00:00,10.0
2023-12-22 20:20:00+00:00,10.0
2023-12-22 20:30:00+00:00,10.0
2023-12-22 20:40:00+00:00,10.0
2023-12-22 20:50:00+00:00,10.0
2023-12-22 21:00:00+00:00,10.0
2023-12-22 21:10:00+00:00,10.0
2023-12-22 21:20:00+00:00,10.0
2023-12-22 21:30:00+00:00,10.0
2023-12-22 21:40:00+00:00,10.0
2023-12-22 21:50:00+00:00,10.0
2023-12-22 22:00:00+00:00,10.0
2023-12-22 22:10:00+00:00,10.0
2023-12-22 22:30:00+00:00,10.0
2023-12-22 22:40:00+00:00,10.0
2023-12-22 22:50:00+00:00,10.0
2023-12-22 23:00:00+00:00,10.0
2023-12-22 23:10:00+00:00,10.0
2023-12-22 23:20:00+00:00,10.0
2023-12-22 23:30:00+00:00,10.0
2023-12-22 23:40:00+00:00,10.0
2023-12-22 23:50:00+00:00,10.0
2023-12-23 00:00:00+00:00,10.0
2023-12-23 00:10:00+00:00,10.0
2023-12-23 00:20:00+00:00,10.0
2023-12-23 00:30:00+00:00,10.0
2023-12-23 00:40:00+00:00,10.0
2023-12-23 00:50:00+00:00,10.0
2023-12-23 01:00:00+00:00,10.0
2023-12-23 01:10:00+00:00,10.0
2023-12-23 01:20:00+00:00,10.0
2023-12-23 01:30:00+00:00,10.0
2023-12-23 01:40:00+00:00,10.0
2023-12-23 01:50:00+00:00,10.0
2023-12-23 02:00:00+00:00,10.0
2023-12-23 02:10:00+00:00,10.0
2023-12-23 02:20:00+00:00,10.0
2023-12-23 02:40:00+00:00,10.0
2023-12-23 02:50:00+00:00,10.0
2023-12-23 03:00:00+00:00,10.0
2023-12-23 03:10:00+00:00,10.0
2023-12-23 03:20:00+00:00,10.0
2023-12-23 03:30:00+00:00,10.0
2023-12-23 03:40:00+00:00,10.0
2023-12-23 03:50:00+00:00,10.0
2023-12-23 04:00:00+00:00,10.0
2023-12-23 04:10:00+00:00,10.0
2023-12-23 04:20:00+00:00,10.0
2023-12-23 04:40:00+00:00,10.0
2023-12-23 04:50:00+00:00,10.0
2023-12-23 05:00:00+00:00,10.0
2023-12-23 05:10:00+00:00,10.0
2023-12-23 05:20:00+00:00,10.0
2023-12-23 05:30:00+00:00,10.0
2023-12-23 05:40:00+00:00,10.0
2023-12-23 05:50:00+00:00,10.0
2023-12-23 06:00:00+00:00,10.0
2023-12-23 06:10:00+00:00,10.0
2023-12-23 06:20:00+00:00,10.0
2023-12-23 06:30:00+00:00,10.0
2023-12-23 06:40:00+00:00,10.0
2023-12-23 06:50:00+00:00,10.0
2023-12-23 07:00:00+00:00,10.0
2023-12-23 07:10:00+00:00,10.0
2023-12-23 07:20:00+00:00,10.0
2023-12-23 07:30:00+00:00,10.0
2023-12-23 07:40:00+00:00,10.0
2023-12-23 07:50:00+00:00,10.0
2023-12-23 08:00:00+00:00,10.0
2023-12-23 08:10:00+00:00,10.0
2023-12-23 08:20:00+00:00,10.0
2023-12-23 08:30:00+00:00,10.0
2023-12-23 08:40:00+00:00,10.0
2023-12-23 08:50:00+00:00,10.0
2023-12-23 09:00:00+00:00,10.0
2023-12-23 09:10:00+00:00,10.0
2023-12-23 09:20:00+00:00,10.0
2023-12-23 09:30:00+00:00,10.0
2023-12-23 09:40:00+00:00,10.0
2023-12-23 09:50:00+00:00,10.0
2023-12-23 10:00:00+00:00,10.0
2023-12-23 10:10:00+00:00,10.0
2023-12-23 10:20:00+00:00,10.0
2023-12-23 10:30:00+00:00,10.0
2023-12-23 10:40:00+00:00,10.0
2023-12-23 10:50:00+00:00,10.0
2023-12-23 11:00:00+00:00,10.0
2023-12-23 11:10:00+00:00,10.0
2023-12-23 11:20:00+00:00,10.0
2023-12-23 11:30:00+00:00,10.0
2023-12-23 11:40:00+00:00,10.0
2023-12-23 11:50:00+00:00,10.0
2023-12-23 12:00:00+00:00,10.0
2023-12-23 12:10:00+00:00,10.0
2023-12-23 12:20:00+00:00,10.0
2023-12-23 12:30:00+00:00,7.84
2023-12-23 12:40:00+00:00,9.99
2023-12-23 12:50:00+00:00,7.62
2023-12-23 13:00:00+00:00,4.65
2023-12-23 13:10:00+00:00,6.35
2023-12-23 13:20:00+00:00,6.91
2023-12-23 13:30:00+00:00,10.0
2023-12-23 13:40:00+00:00,6.73
2023-12-23 13:50:00+00:00,4.01
2023-12-23 14:00:00+00:00,2.02
2023-12-23 14:10:00+00:00,3.08
2023-12-23 14:20:00+00:00,5.37
2023-12-23 14:30:00+00:00,4.22
2023-12-23 14:40:00+00:00,0.96
2023-12-23 14:50:00+00:00,2.02
2023-12-23 15:00:00+00:00,1.5
2023-12-23 15:10:00+00:00,1.8
2023-12-23 15:20:00+00:00,1.45
2023-12-23 15:30:00+00:00,1.42
2023-12-23 15:40:00+00:00,1.52
2023-12-23 15:50:00+00:00,1.68
2023-12-23 16:00:00+00:00,1.59
2023-12-23 16:10:00+00:00,2.86
2023-12-23 16:20:00+00:00,3.93
2023-12-23 16:30:00+00:00,4.55
2023-12-23 16:40:00+00:00,4.81
2023-12-23 16:50:00+00:00,5.71
2023-12-23 17:00:00+00:00,3.22
2023-12-23 17:10:00+00:00,10.0
2023-12-23 17:20:00+00:00,10.0
2023-12-23 17:30:00+00:00,10.0
2023-12-23 17:40:00+00:00,10.0
2023-12-23 17:50:00+00:00,9.7
2023-12-23 18:00:00+00:00,10.0
2023-12-23 18:10:00+00:00,10.0
2023-12-23 18:20:00+00:00,10.0
2023-12-23 18:30:00+00:00,10.0
2023-12-23 18:40:00+00:00,10.0
2023-12-23 18:50:00+00:00,10.0
2023-12-23 19:00:00+00:00,10.0
2023-12-23 19:10:00+00:00,10.0
2023-12-23 19:20:00+00:00,6.78
2023-12-23 19:30:00+00:00,10.0
2023-12-23 19:40:00+00:00,10.0
2023-12-23 19:50:00+00:00,10.0
2023-12-23 20:00:00+00:00,10.0
2023-12-23 20:10:00+00:00,10.0
2023-12-23 20:20:00+00:00,10.0
2023-12-23 20:30:00+00:00,10.0
2023-12-23 20:40:00+00:00,10.0
2023-12-23 20:50:00+00:00,10.0
2023-12-23 21:00:00+00:00,10.0
2023-12-23 21:10:00+00:00,10.0
2023-12-23 21:20:00+00:00,10.0
2023-12-23 21:30:00+00:00,10.0
2023-12-23 21:40:00+00:00,10.0
2023-12-23 21:50:00+00:00,10.0
2023-12-23 22:00:00+00:00,10.0
2023-12-23 22:10:00+00:00,10.0
2023-12-23 22:20:00+00:00,10.0
2023-12-23 22:30:00+00:00,10.0
2023-12-23 22:40:00+00:00,10.0
2023-12-23 22:50:00+00:00,10.0
2023-12-23 23:00:00+00:00,10.0
2023-12-23 23:10:00+00:00,10.0
2023-12-23 23:20:00+00:00,10.0
2023-12-23 23:30:00+00:00,10.0
2023-12-23 23:40:00+00:00,10.0
2023-12-23 23:50:00+00:00,10.0
2023-12-24 00:00:00+00:00,10.0
2023-12-24 00:10:00+00:00,10.0
2023-12-24 00:20:00+00:00,10.0
2023-12-24 00:30:00+00:00,10.0
2023-12-24 00:40:00+00:00,10.0
2023-12-24 00:50:00+00:00,10.0
2023-12-24 01:00:00+00:00,10.0
2023-12-24 01:10:00+00:00,10.0
2023-12-24 01:20:00+00:00,10.0
2023-12-24 01:30:00+00:00,10.0
2023-12-24 01:40:00+00:00,10.0
2023-12-24 01:50:00+00:00,10.0
2023-12-24 02:00:00+00:00,10.0
2023-12-24 02:10:00+00:00,10.0
2023-12-24 02:20:00+00:00,10.0
2023-12-24 02:30:00+00:00,10.0
2023-12-24 02:40:00+00:00,10.0
2023-12-24 02:50:00+00:00,10.0
2023-12-24 03:00:00+00:00,10.0
2023-12-24 03:10:00+00:00,10.0
2023-12-24 03:20:00+00:00,10.0
2023-12-24 03:30:00+00:00,10.0
2023-12-24 03:40:00+00:00,10.0
2023-12-24 03:50:00+00:00,10.0
2023-12-24 04:00:00+00:00,10.0
2023-12-24 04:10:00+00:00,10.0
2023-12-24 04:20:00+00:00,10.0
2023-12-24 04:30:00+00:00,10.0
2023-12-24 04:40:00+00:00,10.0
2023-12-24 04:50:00+00:00,10.0
2023-12-24 05:00:00+00:00,10.0
2023-12-24 05:10:00+00:00,10.0
2023-12-24 05:20:00+00:00,10.0
2023-12-24 05:30:00+00:00,10.0
2023-12-24 05:40:00+00:00,10.0
2023-12-24 05:50:00+00:00,10.0
2023-12-24 06:00:00+00:00,10.0
2023-12-24 06:10:00+00:00,10.0
2023-12-24 06:20:00+00:00,10.0
2023-12-24 06:30:00+00:00,10.0
2023-12-24 06:40:00+00:00,10.0
2023-12-24 06:50:00+00:00,10.0
2023-12-24 07:00:00+00:00,10.0
2023-12-24 07:10:00+00:00,10.0
2023-12-24 07:20:00+00:00,10.0
2023-12-24 07:30:00+00:00,10.0
2023-12-24 07:40:00+00:00,10.0
2023-12-24 07:50:00+00:00,10.0
2023-12-24 08:00:00+00:00,10.0
2023-12-24 08:10:00+00:00,10.0
2023-12-24 08:20:00+00:00,10.0
2023-12-24 08:30:00+00:00,10.0
2023-12-24 08:40:00+00:00,10.0
2023-12-24 08:50:00+00:00,10.0
2023-12-24 09:00:00+00:00,10.0
2023-12-24 09:10:00+00:00,10.0
2023-12-24 09:20:00+00:00,10.0
2023-12-24 09:30:00+00:00,10.0
2023-12-24 09:40:00+00:00,10.0
2023-12-24 09:50:00+00:00,10.0
2023-12-24 10:00:00+00:00,10.0
2023-12-24 10:10:00+00:00,10.0
2023-12-24 10:20:00+00:00,10.0
2023-12-24 10:30:00+00:00,10.0
2023-12-24 10:40:00+00:00,10.0
2023-12-24 10:50:00+00:00,10.0
2023-12-24 11:00:00+00:00,10.0
2023-12-24 11:10:00+00:00,10.0
2023-12-24 11:20:00+00:00,10.0
2023-12-24 11:30:00+00:00,10.0
2023-12-24 11:40:00+00:00,10.0
2023-12-24 11:50:00+00:00,10.0
2023-12-24 12:00:00+00:00,10.0
2023-12-24 12:10:00+00:00,10.0
2023-12-24 12:20:00+00:00,10.0
2023-12-24 12:30:00+00:00,10.0
2023-12-24 12:40:00+00:00,10.0
2023-12-24 12:50:00+00:00,10.0
2023-12-24 13:00:00+00:00,10.0
2023-12-24 13:10:00+00:00,10.0
2023-12-24 13:20:00+00:00,10.0
2023-12-24 13:30:00+00:00,10.0
2023-12-24 13:40:00+00:00,10.0
2023-12-24 13:50:00+00:00,10.0
2023-12-24 14:00:00+00:00,10.0
2023-12-24 14:10:00+00:00,10.0
2023-12-24 14:20:00+00:00,10.0
2023-12-24 14:30:00+00:00,10.0
2023-12-24 14:40:00+00:00,10.0
2023-12-24 14:50:00+00:00,10.0
2023-12-24 15:00:00+00:00,10.0
2023-12-24 15:10:00+00:00,10.0
2023-12-24 15:20:00+00:00,10.0
2023-12-24 15:30:00+00:00,10.0
2023-12-24 15:40:00+00:00,10.0
2023-12-24 15:50:00+00:00,10.0
2023-12-24 16:00:00+00:00,10.0
2023-12-24 16:10:00+00:00,10.0
2023-12-24 16:20:00+00:00,10.0
2023-12-24 16:30:00+00:00,10.0
2023-12-24 16:40:00+00:00,10.0
2023-12-24 16:50:00+00:00,10.0
2023-12-24 17:00:00+00:00,10.0
2023-12-24 17:10:00+00:00,10.0
2023-12-24 17:20:00+00:00,10.0
2023-12-24 17:30:00+00:00,10.0
2023-12-24 17:40:00+00:00,10.0
2023-12-24 17:50:00+00:00,10.0
2023-12-24 18:00:00+00:00,10.0
2023-12-24 18:10:00+00:00,10.0
2023-12-24 18:20:00+00:00,10.0
2023-12-24 18:30:00+00:00,10.0
2023-12-24 18:40:00+00:00,10.0
2023-12-24 18:50:00+00:00,10.0
2023-12-24 19:00:00+00:00,10.0
2023-12-24 19:10:00+00:00,10.0
2023-12-24 19:20:00+00:00,10.0
2023-12-24 19:30:00+00:00,10.0
2023-12-24 19:40:00+00:00,10.0
2023-12-24 19:50:00+00:00,10.0
2023-12-24 20:00:00+00:00,10.0
2023-12-24 20:10:00+00:00,10.0
2023-12-24 20:20:00+00:00,10.0
2023-12-24 20:30:00+00:00,10.0
2023-12-24 20:40:00+00:00,10.0
2023-12-24 20:50:00+00:00,10.0
2023-12-24 21:00:00+00:00,10.0
2023-12-24 21:10:00+00:00,10.0
2023-12-24 21:20:00+00:00,10.0
2023-12-24 21:30:00+00:00,10.0
2023-12-24 21:40:00+00:00,10.0
2023-12-24 21:50:00+00:00,10.0
2023-12-24 22:00:00+00:00,10.0
2023-12-24 22:10:00+00:00,10.0
2023-12-24 22:20:00+00:00,10.0
2023-12-24 22:30:00+00:00,10.0
2023-12-24 22:40:00+00:00,10.0
2023-12-24 22:50:00+00:00,10.0
2023-12-24 23:00:00+00:00,10.0
2023-12-24 23:10:00+00:00,10.0
2023-12-24 23:20:00+00:00,10.0
2023-12-24 23:30:00+00:00,10.0
2023-12-24 23:40:00+00:00,10.0
2023-12-24 23:50:00+00:00,10.0
2023-12-25 00:00:00+00:00,10.0
2023-12-25 00:10:00+00:00,10.0
2023-12-25 00:20:00+00:00,10.0
2023-12-25 00:30:00+00:00,10.0
2023-12-25 00:40:00+00:00,10.0
2023-12-25 00:50:00+00:00,10.0
2023-12-25 01:00:00+00:00,10.0
2023-12-25 01:10:00+00:00,10.0
2023-12-25 01:20:00+00:00,10.0
2023-12-25 01:30:00+00:00,10.0
2023-12-25 01:40:00+00:00,10.0
2023-12-25 01:50:00+00:00,10.0
2023-12-25 02:00:00+00:00,10.0
2023-12-25 02:10:00+00:00,10.0
2023-12-25 02:20:00+00:00,10.0
2023-12-25 02:30:00+00:00,10.0
2023-12-25 02:40:00+00:00,10.0
2023-12-25 02:50:00+00:00,10.0
2023-12-25 03:00:00+00:00,10.0
2023-12-25 03:10:00+00:00,10.0
2023-12-25 03:20:00+00:00,10.0
2023-12-25 03:30:00+00:00,10.0
2023-12-25 03:40:00+00:00,10.0
2023-12-25 03:50:00+00:00,10.0
2023-12-25 04:00:00+00:00,10.0
2023-12-25 04:10:00+00:00,10.0
2023-12-25 04:20:00+00:00,10.0
2023-12-25 04:30:00+00:00,10.0
2023-12-25 04:40:00+00:00,10.0
2023-12-25 04:50:00+00:00,10.0
2023-12-25 05:00:00+00:00,10.0
2023-12-25 05:10:00+00:00,10.0
2023-12-25 05:20:00+00:00,10.0
2023-12-25 05:30:00+00:00,10.0
2023-12-25 05:40:00+00:00,10.0
2023-12-25 05:50:00+00:00,10.0
2023-12-25 06:00:00+00:00,10.0
2023-12-25 06:10:00+00:00,10.0
2023-12-25 06:30:00+00:00,10.0
2023-12-25 06:40:00+00:00,10.0
2023-12-25 06:50:00+00:00,10.0
2023-12-25 07:00:00+00:00,10.0
2023-12-25 07:10:00+00:00,10.0
2023-12-25 07:20:00+00:00,10.0
2023-12-25 07:30:00+00:00,10.0
2023-12-25 07:40:00+00:00,10.0
2023-12-25 07:50:00+00:00,10.0
2023-12-25 08:00:00+00:00,10.0
2023-12-25 08:10:00+00:00,10.0
2023-12-25 08:20:00+00:00,10.0
2023-12-25 08:30:00+00:00,10.0
2023-12-25 08:40:00+00:00,10.0
2023-12-25 08:50:00+00:00,10.0
2023-12-25 09:00:00+00:00,10.0
2023-12-25 09:10:00+00:00,10.0
2023-12-25 09:20:00+00:00,10.0
2023-12-25 09:30:00+00:00,10.0
2023-12-25 09:40:00+00:00,10.0
2023-12-25 09:50:00+00:00,10.0
2023-12-25 10:00:00+00:00,10.0
2023-12-25 10:10:00+00:00,10.0
2023-12-25 10:20:00+00:00,10.0
2023-12-25 10:30:00+00:00,10.0
2023-12-25 10:40:00+00:00,10.0
2023-12-25 10:50:00+00:00,10.0
2023-12-25 11:00:00+00:00,10.0
2023-12-25 11:10:00+00:00,10.0
2023-12-25 11:20:00+00:00,10.0
2023-12-25 11:30:00+00:00,10.0
2023-12-25 11:40:00+00:00,10.0
2023-12-25 11:50:00+00:00,10.0
2023-12-25 12:00:00+00:00,10.0
2023-12-25 12:10:00+00:00,10.0
2023-12-25 12:20:00+00:00,10.0
2023-12-25 12:30:00+00:00,10.0
2023-12-25 12:40:00+00:00,10.0
2023-12-25 12:50:00+00:00,10.0
2023-12-25 13:00:00+00:00,10.0
2023-12-25 13:10:00+00:00,10.0
2023-12-25 13:20:00+00:00,10.0
2023-12-25 13:30:00+00:00,10.0
2023-12-25 13:40:00+00:00,10.0
2023-12-25 13:50:00+00:00,10.0
2023-12-25 14:00:00+00:00,10.0
2023-12-25 14:10:00+00:00,10.0
2023-12-25 14:20:00+00:00,10.0
2023-12-25 14:30:00+00:00,10.0
2023-12-25 14:40:00+00:00,10.0
2023-12-25 14:50:00+00:00,10.0
2023-12-25 15:00:00+00:00,10.0
2023-12-25 15:10:00+00:00,10.0
2023-12-25 15:20:00+00:00,10.0
2023-12-25 15:30:00+00:00,10.0
2023-12-25 15:40:00+00:00,10.0
2023-12-25 15:50:00+00:00,10.0
2023-12-25 16:00:00+00:00,10.0
2023-12-25 16:10:00+00:00,10.0
2023-12-25 16:20:00+00:00,10.0
2023-12-25 16:30:00+00:00,10.0
2023-12-25 16:40:00+00:00,10.0
2023-12-25 16:50:00+00:00,10.0
2023-12-25 17:00:00+00:00,10.0
2023-12-25 17:10:00+00:00,10.0
2023-12-25 17:20:00+00:00,10.0
2023-12-25 17:30:00+00:00,10.0
2023-12-25 17:40:00+00:00,10.0
2023-12-25 17:50:00+00:00,10.0
2023-12-25 18:00:00+00:00,10.0
2023-12-25 18:10:00+00:00,10.0
2023-12-25 18:20:00+00:00,10.0
2023-12-25 18:40:00+00:00,10.0
2023-12-25 18:50:00+00:00,10.0
2023-12-25 19:00:00+00:00,10.0
2023-12-25 19:10:00+00:00,10.0
2023-12-25 19:20:00+00:00,10.0
2023-12-25 19:30:00+00:00,10.0
2023-12-25 19:40:00+00:00,10.0
2023-12-25 19:50:00+00:00,10.0
2023-12-25 20:00:00+00:00,10.0
2023-12-25 20:10:00+00:00,10.0
2023-12-25 20:20:00+00:00,10.0
2023-12-25 20:30:00+00:00,10.0
2023-12-25 20:40:00+00:00,10.0
2023-12-25 20:50:00+00:00,10.0
2023-12-25 21:00:00+00:00,10.0
2023-12-25 21:10:00+00:00,10.0
2023-12-25 21:20:00+00:00,10.0
2023-12-25 21:40:00+00:00,10.0
2023-12-25 21:50:00+00:00,10.0
2023-12-25 22:00:00+00:00,10.0
2023-12-25 22:10:00+00:00,10.0
2023-12-25 22:20:00+00:00,10.0
2023-12-25 22:40:00+00:00,10.0
2023-12-25 22:50:00+00:00,10.0
2023-12-25 23:00:00+00:00,10.0
2023-12-25 23:10:00+00:00,10.0
2023-12-25 23:20:00+00:00,10.0
2023-12-25 23:30:00+00:00,10.0
2023-12-25 23:40:00+00:00,10.0
2023-12-25 23:50:00+00:00,10.0
2023-12-26 00:00:00+00:00,10.0
2023-12-26 00:10:00+00:00,10.0
2023-12-26 00:20:00+00:00,10.0
2023-12-26 00:30:00+00:00,10.0
2023-12-26 00:40:00+00:00,10.0
2023-12-26 00:50:00+00:00,10.0
2023-12-26 01:00:00+00:00,10.0
2023-12-26 01:10:00+00:00,10.0
2023-12-26 01:20:00+00:00,10.0
2023-12-26 01:30:00+00:00,10.0
2023-12-26 01:40:00+00:00,10.0
2023-12-26 01:50:00+00:00,10.0
2023-12-26 02:00:00+00:00,10.0
2023-12-26 02:10:00+00:00,10.0
2023-12-26 02:20:00+00:00,10.0
2023-12-26 02:30:00+00:00,10.0
2023-12-26 02:40:00+00:00,10.0
2023-12-26 02:50:00+00:00,10.0
2023-12-26 03:00:00+00:00,10.0
2023-12-26 03:10:00+00:00,10.0
2023-12-26 03:20:00+00:00,10.0
2023-12-26 03:30:00+00:00,10.0
2023-12-26 03:40:00+00:00,10.0
2023-12-26 03:50:00+00:00,10.0
2023-12-26 04:00:00+00:00,10.0
2023-12-26 04:10:00+00:00,10.0
2023-12-26 04:20:00+00:00,10.0
2023-12-26 04:30:00+00:00,10.0
2023-12-26 04:40:00+00:00,10.0
2023-12-26 04:50:00+00:00,10.0
2023-12-26 05:00:00+00:00,10.0
2023-12-26 05:10:00+00:00,10.0
2023-12-26 05:20:00+00:00,10.0
2023-12-26 05:30:00+00:00,10.0
2023-12-26 05:40:00+00:00,10.0
2023-12-26 05:50:00+00:00,10.0
2023-12-26 06:00:00+00:00,10.0
2023-12-26 06:10:00+00:00,10.0
2023-12-26 06:20:00+00:00,10.0
2023-12-26 06:30:00+00:00,10.0
2023-12-26 06:40:00+00:00,10.0
2023-12-26 06:50:00+00:00,10.0
2023-12-26 07:00:00+00:00,10.0
2023-12-26 07:10:00+00:00,10.0
2023-12-26 07:20:00+00:00,10.0
2023-12-26 07:30:00+00:00,10.0
2023-12-26 07:50:00+00:00,10.0
2023-12-26 08:00:00+00:00,10.0
2023-12-26 08:10:00+00:00,10.0
2023-12-26 08:20:00+00:00,10.0
2023-12-26 08:30:00+00:00,10.0
2023-12-26 08:50:00+00:00,10.0
2023-12-26 09:00:00+00:00,10.0
2023-12-26 09:10:00+00:00,10.0
2023-12-26 09:20:00+00:00,10.0
2023-12-26 09:30:00+00:00,10.0
2023-12-26 09:40:00+00:00,10.0
2023-12-26 09:50:00+00:00,10.0
2023-12-26 10:00:00+00:00,10.0
2023-12-26 10:10:00+00:00,10.0
2023-12-26 10:20:00+00:00,10.0
2023-12-26 10:30:00+00:00,10.0
2023-12-26 10:40:00+00:00,10.0
2023-12-26 10:50:00+00:00,10.0
2023-12-26 11:00:00+00:00,10.0
2023-12-26 11:10:00+00:00,10.0
2023-12-26 11:20:00+00:00,10.0
2023-12-26 11:30:00+00:00,10.0
2023-12-26 11:40:00+00:00,10.0
2023-12-26 11:50:00+00:00,10.0
2023-12-26 12:00:00+00:00,10.0
2023-12-26 12:10:00+00:00,10.0
2023-12-26 12:20:00+00:00,10.0
2023-12-26 12:30:00+00:00,10.0
2023-12-26 12:40:00+00:00,10.0
2023-12-26 12:50:00+00:00,10.0
2023-12-26 13:00:00+00:00,10.0
2023-12-26 13:10:00+00:00,10.0
2023-12-26 13:20:00+00:00,10.0
2023-12-26 13:30:00+00:00,10.0
2023-12-26 13:40:00+00:00,10.0
2023-12-26 13:50:00+00:00,10.0
2023-12-26 14:00:00+00:00,10.0
2023-12-26 14:10:00+00:00,10.0
2023-12-26 14:20:00+00:00,10.0
2023-12-26 14:30:00+00:00,10.0
2023-12-26 14:40:00+00:00,10.0
2023-12-26 15:00:00+00:00,10.0
2023-12-26 15:10:00+00:00,10.0
2023-12-26 15:20:00+00:00,10.0
2023-12-26 15:30:00+00:00,10.0
2023-12-26 15:40:00+00:00,10.0
2023-12-26 15:50:00+00:00,10.0
2023-12-26 16:00:00+00:00,10.0
2023-12-26 16:10:00+00:00,10.0
2023-12-26 16:20:00+00:00,10.0
2023-12-26 16:30:00+00:00,10.0
2023-12-26 16:40:00+00:00,10.0
2023-12-26 17:00:00+00:00,10.0
2023-12-26 17:10:00+00:00,10.0
2023-12-26 17:20:00+00:00,10.0
2023-12-26 17:30:00+00:00,10.0
2023-12-26 17:40:00+00:00,10.0
2023-12-26 17:50:00+00:00,10.0
2023-12-26 18:00:00+00:00,10.0
2023-12-26 18:10:00+00:00,10.0
2023-12-26 18:20:00+00:00,10.0
2023-12-26 18:30:00+00:00,10.0
2023-12-26 18:40:00+00:00,10.0
2023-12-26 18:50:00+00:00,10.0
2023-12-26 19:00:00+00:00,10.0
2023-12-26 19:10:00+00:00,10.0
2023-12-26 19:20:00+00:00,10.0
2023-12-26 19:30:00+00:00,10.0
2023-12-26 19:40:00+00:00,10.0
2023-12-26 19:50:00+00:00,10.0
2023-12-26 20:00:00+00:00,10.0
2023-12-26 20:10:00+00:00,10.0
2023-12-26 20:20:00+00:00,10.0
2023-12-26 20:30:00+00:00,10.0
2023-12-26 20:40:00+00:00,10.0
2023-12-26 20:50:00+00:00,10.0
2023-12-26 21:00:00+00:00,10.0
2023-12-26 21:10:00+00:00,10.0
2023-12-26 21:20:00+00:00,10.0
2023-12-26 21:30:00+00:00,10.0
2023-12-26 21:40:00+00:00,10.0
2023-12-26 21:50:00+00:00,10.0
2023-12-26 22:00:00+00:00,10.0
2023-12-26 22:10:00+00:00,10.0
2023-12-26 22:20:00+00:00,10.0
2023-12-26 22:30:00+00:00,10.0
2023-12-26 22:40:00+00:00,10.0
2023-12-26 22:50:00+00:00,10.0
2023-12-26 23:00:00+00:00,10.0
2023-12-26 23:10:00+00:00,10.0
2023-12-26 23:20:00+00:00,10.0
2023-12-26 23:30:00+00:00,10.0
2023-12-26 23:40:00+00:00,10.0
2023-12-26 23:50:00+00:00,10.0
2023-12-27 00:00:00+00:00,10.0
2023-12-27 00:10:00+00:00,10.0
2023-12-27 00:20:00+00:00,10.0
2023-12-27 00:30:00+00:00,10.0
2023-12-27 00:40:00+00:00,10.0
2023-12-27 00:50:00+00:00,10.0
2023-12-27 01:00:00+00:00,10.0
2023-12-27 01:10:00+00:00,10.0
2023-12-27 01:20:00+00:00,10.0
2023-12-27 01:30:00+00:00,10.0
2023-12-27 01:40:00+00:00,10.0
2023-12-27 01:50:00+00:00,10.0
2023-12-27 02:00:00+00:00,10.0
2023-12-27 02:10:00+00:00,10.0
2023-12-27 02:20:00+00:00,10.0
2023-12-27 02:30:00+00:00,10.0
2023-12-27 02:40:00+00:00,10.0
2023-12-27 02:50:00+00:00,10.0
2023-12-27 03:00:00+00:00,10.0
2023-12-27 03:10:00+00:00,10.0
2023-12-27 03:20:00+00:00,10.0
2023-12-27 03:30:00+00:00,10.0
2023-12-27 03:40:00+00:00,10.0
2023-12-27 03:50:00+00:00,10.0
2023-12-27 04:00:00+00:00,10.0
2023-12-27 04:10:00+00:00,10.0
2023-12-27 04:20:00+00:00,10.0
2023-12-27 04:30:00+00:00,10.0
2023-12-27 04:40:00+00:00,10.0
2023-12-27 04:50:00+00:00,10.0
2023-12-27 05:00:00+00:00,10.0
2023-12-27 05:20:00+00:00,10.0
2023-12-27 05:30:00+00:00,10.0
2023-12-27 05:40:00+00:00,10.0
2023-12-27 05:50:00+00:00,10.0
2023-12-27 06:00:00+00:00,10.0
2023-12-27 06:10:00+00:00,10.0
2023-12-27 06:20:00+00:00,10.0
2023-12-27 06:30:00+00:00,10.0
2023-12-27 06:40:00+00:00,10.0
2023-12-27 06:50:00+00:00,10.0
2023-12-27 07:00:00+00:00,10.0
2023-12-27 07:20:00+00:00,10.0
2023-12-27 07:30:00+00:00,10.0
2023-12-27 07:40:00+00:00,10.0
2023-12-27 07:50:00+00:00,10.0
2023-12-27 08:00:00+00:00,10.0
2023-12-27 08:10:00+00:00,10.0
2023-12-27 08:20:00+00:00,10.0
2023-12-27 08:30:00+00:00,10.0
2023-12-27 08:40:00+00:00,10.0
2023-12-27 08:50:00+00:00,10.0
2023-12-27 09:00:00+00:00,10.0
2023-12-27 09:20:00+00:00,10.0
2023-12-27 09:30:00+00:00,10.0
2023-12-27 09:40:00+00:00,10.0
2023-12-27 09:50:00+00:00,10.0
2023-12-27 10:00:00+00:00,10.0
2023-12-27 10:10:00+00:00,10.0
2023-12-27 10:20:00+00:00,10.0
2023-12-27 10:30:00+00:00,10.0
2023-12-27 10:40:00+00:00,10.0
2023-12-27 10:50:00+00:00,10.0
2023-12-27 11:00:00+00:00,10.0
2023-12-27 11:10:00+00:00,10.0
2023-12-27 11:20:00+00:00,10.0
2023-12-27 11:30:00+00:00,10.0
2023-12-27 11:40:00+00:00,10.0
2023-12-27 11:50:00+00:00,10.0
2023-12-27 12:00:00+00:00,10.0
2023-12-27 12:10:00+00:00,10.0
2023-12-27 12:20:00+00:00,10.0
2023-12-27 12:30:00+00:00,10.0
2023-12-27 12:40:00+00:00,10.0
2023-12-27 12:50:00+00:00,10.0
2023-12-27 13:00:00+00:00,10.0
2023-12-27 13:10:00+00:00,10.0
2023-12-27 13:20:00+00:00,10.0
2023-12-27 13:30:00+00:00,10.0
2023-12-27 13:40:00+00:00,10.0
2023-12-27 13:50:00+00:00,10.0
2023-12-27 14:00:00+00:00,10.0
2023-12-27 14:10:00+00:00,10.0
2023-12-27 14:20:00+00:00,10.0
2023-12-27 14:30:00+00:00,10.0
2023-12-27 14:40:00+00:00,10.0
2023-12-27 14:50:00+00:00,10.0
2023-12-27 15:00:00+00:00,10.0
2023-12-27 15:10:00+00:00,10.0
2023-12-27 15:20:00+00:00,10.0
2023-12-27 15:30:00+00:00,10.0
2023-12-27 15:40:00+00:00,10.0
2023-12-27 15:50:00+00:00,10.0
2023-12-27 16:00:00+00:00,10.0
2023-12-27 16:10:00+00:00,10.0
2023-12-27 16:20:00+00:00,10.0
2023-12-27 16:30:00+00:00,10.0
2023-12-27 16:40:00+00:00,10.0
2023-12-27 16:50:00+00:00,10.0
2023-12-27 17:00:00+00:00,10.0
2023-12-27 17:10:00+00:00,10.0
2023-12-27 17:20:00+00:00,10.0
2023-12-27 17:30:00+00:00,10.0
2023-12-27 17:40:00+00:00,10.0
2023-12-27 17:50:00+00:00,10.0
2023-12-27 18:00:00+00:00,10.0
2023-12-27 18:10:00+00:00,10.0
2023-12-27 18:20:00+00:00,10.0
2023-12-27 18:30:00+00:00,10.0
2023-12-27 18:40:00+00:00,10.0
2023-12-27 18:50:00+00:00,10.0
2023-12-27 19:00:00+00:00,10.0
2023-12-27 19:10:00+00:00,10.0
2023-12-27 19:20:00+00:00,10.0
2023-12-27 19:30:00+00:00,10.0
2023-12-27 19:40:00+00:00,10.0
2023-12-27 19:50:00+00:00,10.0
2023-12-27 20:00:00+00:00,10.0
2023-12-27 20:10:00+00:00,10.0
2023-12-27 20:20:00+00:00,10.0
2023-12-27 20:30:00+00:00,10.0
2023-12-27 20:40:00+00:00,10.0
2023-12-27 20:50:00+00:00,10.0
2023-12-27 21:00:00+00:00,10.0
2023-12-27 21:10:00+00:00,10.0
2023-12-27 21:20:00+00:00,10.0
2023-12-27 21:30:00+00:00,10.0
2023-12-27 21:40:00+00:00,10.0
2023-12-27 21:50:00+00:00,10.0
2023-12-27 22:00:00+00:00,10.0
2023-12-27 22:10:00+00:00,10.0
2023-12-27 22:20:00+00:00,10.0
2023-12-27 22:30:00+00:00,10.0
2023-12-27 22:40:00+00:00,10.0
2023-12-27 22:50:00+00:00,10.0
2023-12-27 23:00:00+00:00,10.0
2023-12-27 23:10:00+00:00,10.0
2023-12-27 23:20:00+00:00,10.0
2023-12-27 23:30:00+00:00,10.0
2023-12-27 23:40:00+00:00,10.0
2023-12-27 23:50:00+00:00,10.0
2023-12-28 00:00:00+00:00,10.0
2023-12-28 00:10:00+00:00,10.0
2023-12-28 00:20:00+00:00,10.0
2023-12-28 00:30:00+00:00,10.0
2023-12-28 00:40:00+00:00,10.0
2023-12-28 00:50:00+00:00,10.0
2023-12-28 01:00:00+00:00,10.0
2023-12-28 01:10:00+00:00,10.0
2023-12-28 01:20:00+00:00,10.0
2023-12-28 01:30:00+00:00,10.0
2023-12-28 01:40:00+00:00,10.0
2023-12-28 01:50:00+00:00,10.0
2023-12-28 02:00:00+00:00,10.0
2023-12-28 02:10:00+00:00,10.0
2023-12-28 02:20:00+00:00,10.0
2023-12-28 02:30:00+00:00,10.0
2023-12-28 02:40:00+00:00,10.0
2023-12-28 02:50:00+00:00,10.0
2023-12-28 03:00:00+00:00,10.0
2023-12-28 03:10:00+00:00,10.0
2023-12-28 03:20:00+00:00,10.0
2023-12-28 03:30:00+00:00,10.0
2023-12-28 03:40:00+00:00,10.0
2023-12-28 03:50:00+00:00,10.0
2023-12-28 04:00:00+00:00,10.0
2023-12-28 04:10:00+00:00,10.0
2023-12-28 04:20:00+00:00,10.0
2023-12-28 04:30:00+00:00,10.0
2023-12-28 04:40:00+00:00,10.0
2023-12-28 04:50:00+00:00,10.0
2023-12-28 05:00:00+00:00,10.0
2023-12-28 05:10:00+00:00,10.0
2023-12-28 05:20:00+00:00,10.0
2023-12-28 05:30:00+00:00,10.0
2023-12-28 05:40:00+00:00,10.0
2023-12-28 05:50:00+00:00,10.0
2023-12-28 06:00:00+00:00,10.0
2023-12-28 06:10:00+00:00,10.0
2023-12-28 06:20:00+00:00,10.0
2023-12-28 06:30:00+00:00,10.0
2023-12-28 06:40:00+00:00,10.0
2023-12-28 06:50:00+00:00,10.0
2023-12-28 07:00:00+00:00,10.0
2023-12-28 07:10:00+00:00,10.0
2023-12-28 07:20:00+00:00,10.0
2023-12-28 07:30:00+00:00,10.0
2023-12-28 07:40:00+00:00,10.0
2023-12-28 07:50:00+00:00,10.0
2023-12-28 08:00:00+00:00,10.0
2023-12-28 08:10:00+00:00,10.0
2023-12-28 08:20:00+00:00,10.0
2023-12-28 08:30:00+00:00,10.0
2023-12-28 08:40:00+00:00,10.0
2023-12-28 08:50:00+00:00,10.0
2023-12-28 09:00:00+00:00,10.0
2023-12-28 09:10:00+00:00,10.0
2023-12-28 09:20:00+00:00,10.0
2023-12-28 09:30:00+00:00,10.0
2023-12-28 09:40:00+00:00,10.0
2023-12-28 09:50:00+00:00,10.0
2023-12-28 10:00:00+00:00,10.0
2023-12-28 10:10:00+00:00,10.0
2023-12-28 10:20:00+00:00,10.0
2023-12-28 10:30:00+00:00,10.0
2023-12-28 10:40:00+00:00,10.0
2023-12-28 10:50:00+00:00,10.0
2023-12-28 11:00:00+00:00,10.0
2023-12-28 11:10:00+00:00,10.0
2023-12-28 11:20:00+00:00,10.0
2023-12-28 11:30:00+00:00,10.0
2023-12-28 11:40:00+00:00,10.0
2023-12-28 11:50:00+00:00,10.0
2023-12-28 12:00:00+00:00,10.0
2023-12-28 12:10:00+00:00,10.0
2023-12-28 12:20:00+00:00,10.0
2023-12-28 12:30:00+00:00,10.0
2023-12-28 12:40:00+00:00,10.0
2023-12-28 12:50:00+00:00,10.0
2023-12-28 13:00:00+00:00,10.0
2023-12-28 13:10:00+00:00,10.0
2023-12-28 13:20:00+00:00,10.0
2023-12-28 13:30:00+00:00,10.0
2023-12-28 13:40:00+00:00,10.0
2023-12-28 13:50:00+00:00,10.0
2023-12-28 14:00:00+00:00,10.0
2023-12-28 14:10:00+00:00,10.0
2023-12-28 14:20:00+00:00,10.0
2023-12-28 14:30:00+00:00,10.0
2023-12-28 14:40:00+00:00,10.0
2023-12-28 14:50:00+00:00,10.0
2023-12-28 15:00:00+00:00,10.0
2023-12-28 15:10:00+00:00,10.0
2023-12-28 15:20:00+00:00,10.0
2023-12-28 15:30:00+00:00,10.0
2023-12-28 15:40:00+00:00,10.0
2023-12-28 15:50:00+00:00,10.0
2023-12-28 16:00:00+00:00,10.0
2023-12-28 16:10:00+00:00,10.0
2023-12-28 16:20:00+00:00,10.0
2023-12-28 16:30:00+00:00,10.0
2023-12-28 16:40:00+00:00,10.0
2023-12-28 16:50:00+00:00,10.0
2023-12-28 17:00:00+00:00,10.0
2023-12-28 17:10:00+00:00,10.0
2023-12-28 17:20:00+00:00,10.0
2023-12-28 17:30:00+00:00,10.0
2023-12-28 17:40:00+00:00,10.0
2023-12-28 17:50:00+00:00,10.0
2023-12-28 18:00:00+00:00,10.0
2023-12-28 18:10:00+00:00,10.0
2023-12-28 18:20:00+00:00,10.0
2023-12-28 18:30:00+00:00,10.0
2023-12-28 18:40:00+00:00,10.0
2023-12-28 18:50:00+00:00,10.0
2023-12-28 19:00:00+00:00,10.0
2023-12-28 19:10:00+00:00,10.0
2023-12-28 19:20:00+00:00,10.0
2023-12-28 19:30:00+00:00,10.0
2023-12-28 19:40:00+00:00,10.0
2023-12-28 19:50:00+00:00,10.0
2023-12-28 20:00:00+00:00,10.0
2023-12-28 20:10:00+00:00,10.0
2023-12-28 20:20:00+00:00,10.0
2023-12-28 20:30:00+00:00,10.0
2023-12-28 20:40:00+00:00,10.0
2023-12-28 20:50:00+00:00,10.0
2023-12-28 21:00:00+00:00,10.0
2023-12-28 21:10:00+00:00,10.0
2023-12-28 21:20:00+00:00,10.0
2023-12-28 21:30:00+00:00,10.0
2023-12-28 21:40:00+00:00,10.0
2023-12-28 21:50:00+00:00,10.0
2023-12-28 22:00:00+00:00,10.0
2023-12-28 22:10:00+00:00,10.0
2023-12-28 22:20:00+00:00,10.0
2023-12-28 22:30:00+00:00,10.0
2023-12-28 22:40:00+00:00,10.0
2023-12-28 22:50:00+00:00,10.0
2023-12-28 23:00:00+00:00,10.0
2023-12-28 23:10:00+00:00,10.0
2023-12-28 23:20:00+00:00,10.0
2023-12-28 23:30:00+00:00,10.0
2023-12-28 23:40:00+00:00,10.0
2023-12-28 23:50:00+00:00,10.0
2023-12-29 00:00:00+00:00,10.0
2023-12-29 00:10:00+00:00,10.0
2023-12-29 00:20:00+00:00,10.0
2023-12-29 00:30:00+00:00,10.0
2023-12-29 00:40:00+00:00,10.0
2023-12-29 00:50:00+00:00,10.0
2023-12-29 01:00:00+00:00,10.0
2023-12-29 01:10:00+00:00,10.0
2023-12-29 01:20:00+00:00,10.0
2023-12-29 01:30:00+00:00,10.0
2023-12-29 01:40:00+00:00,10.0
2023-12-29 01:50:00+00:00,10.0
2023-12-29 02:00:00+00:00,10.0
2023-12-29 02:10:00+00:00,10.0
2023-12-29 02:20:00+00:00,10.0
2023-12-29 02:30:00+00:00,10.0
2023-12-29 02:40:00+00:00,10.0
2023-12-29 02:50:00+00:00,10.0
2023-12-29 03:00:00+00:00,10.0
2023-12-29 03:10:00+00:00,10.0
2023-12-29 03:20:00+00:00,10.0
2023-12-29 03:30:00+00:00,10.0
2023-12-29 03:40:00+00:00,10.0
2023-12-29 03:50:00+00:00,10.0
2023-12-29 04:00:00+00:00,10.0
2023-12-29 04:10:00+00:00,10.0
2023-12-29 04:20:00+00:00,10.0
2023-12-29 04:30:00+00:00,10.0
2023-12-29 04:40:00+00:00,10.0
2023-12-29 04:50:00+00:00,10.0
2023-12-29 05:00:00+00:00,10.0
2023-12-29 05:10:00+00:00,10.0
2023-12-29 05:20:00+00:00,10.0
2023-12-29 05:30:00+00:00,10.0
2023-12-29 05:40:00+00:00,10.0
2023-12-29 05:50:00+00:00,9.99
2023-12-29 06:00:00+00:00,10.0
2023-12-29 06:10:00+00:00,10.0
2023-12-29 06:20:00+00:00,10.0
2023-12-29 06:30:00+00:00,10.0
2023-12-29 06:40:00+00:00,10.0
2023-12-29 06:50:00+00:00,10.0
2023-12-29 07:00:00+00:00,10.0
2023-12-29 07:10:00+00:00,10.0
2023-12-29 07:20:00+00:00,10.0
2023-12-29 07:30:00+00:00,10.0
2023-12-29 07:40:00+00:00,10.0
2023-12-29 07:50:00+00:00,10.0
2023-12-29 08:00:00+00:00,10.0
2023-12-29 08:10:00+00:00,10.0
2023-12-29 08:20:00+00:00,10.0
2023-12-29 08:30:00+00:00,10.0
2023-12-29 08:40:00+00:00,10.0
2023-12-29 08:50:00+00:00,10.0
2023-12-29 09:00:00+00:00,10.0
2023-12-29 09:10:00+00:00,10.0
2023-12-29 09:20:00+00:00,10.0
2023-12-29 09:30:00+00:00,10.0
2023-12-29 09:40:00+00:00,10.0
2023-12-29 09:50:00+00:00,10.0
2023-12-29 10:00:00+00:00,10.0
2023-12-29 10:10:00+00:00,10.0
2023-12-29 10:20:00+00:00,10.0
2023-12-29 10:30:00+00:00,10.0
2023-12-29 10:40:00+00:00,10.0
2023-12-29 10:50:00+00:00,10.0
2023-12-29 11:00:00+00:00,10.0
2023-12-29 11:10:00+00:00,10.0
2023-12-29 11:20:00+00:00,10.0
2023-12-29 11:30:00+00:00,10.0
2023-12-29 11:40:00+00:00,10.0
2023-12-29 11:50:00+00:00,10.0
2023-12-29 12:00:00+00:00,10.0
2023-12-29 12:10:00+00:00,10.0
2023-12-29 12:20:00+00:00,10.0
2023-12-29 12:30:00+00:00,10.0
2023-12-29 12:40:00+00:00,10.0
2023-12-29 12:50:00+00:00,10.0
2023-12-29 13:00:00+00:00,10.0
2023-12-29 13:10:00+00:00,10.0
2023-12-29 13:20:00+00:00,10.0
2023-12-29 13:30:00+00:00,10.0
2023-12-29 13:40:00+00:00,10.0
2023-12-29 13:50:00+00:00,10.0
2023-12-29 14:00:00+00:00,10.0
2023-12-29 14:10:00+00:00,10.0
2023-12-29 14:20:00+00:00,10.0
2023-12-29 14:30:00+00:00,10.0
2023-12-29 14:40:00+00:00,10.0
2023-12-29 14:50:00+00:00,10.0
2023-12-29 15:00:00+00:00,10.0
2023-12-29 15:10:00+00:00,10.0
2023-12-29 15:20:00+00:00,10.0
2023-12-29 15:30:00+00:00,10.0
2023-12-29 15:40:00+00:00,10.0
2023-12-29 15:50:00+00:00,10.0
2023-12-29 16:00:00+00:00,10.0
2023-12-29 16:10:00+00:00,10.0
2023-12-29 16:20:00+00:00,10.0
2023-12-29 16:30:00+00:00,10.0
2023-12-29 16:40:00+00:00,10.0
2023-12-29 16:50:00+00:00,10.0
2023-12-29 17:00:00+00:00,10.0
2023-12-29 17:10:00+00:00,10.0
2023-12-29 17:20:00+00:00,10.0
2023-12-29 17:30:00+00:00,10.0
2023-12-29 17:40:00+00:00,10.0
2023-12-29 17:50:00+00:00,10.0
2023-12-29 18:00:00+00:00,10.0
2023-12-29 18:10:00+00:00,10.0
2023-12-29 18:20:00+00:00,10.0
2023-12-29 18:30:00+00:00,10.0
2023-12-29 18:40:00+00:00,10.0
2023-12-29 18:50:00+00:00,10.0
2023-12-29 19:00:00+00:00,10.0
2023-12-29 19:10:00+00:00,10.0
2023-12-29 19:20:00+00:00,10.0
2023-12-29 19:30:00+00:00,10.0
2023-12-29 19:40:00+00:00,10.0
2023-12-29 19:50:00+00:00,10.0
2023-12-29 20:00:00+00:00,10.0
2023-12-29 20:10:00+00:00,10.0
2023-12-29 20:30:00+00:00,10.0
2023-12-29 20:40:00+00:00,10.0
2023-12-29 20:50:00+00:00,10.0
2023-12-29 21:00:00+00:00,10.0
2023-12-29 21:10:00+00:00,10.0
2023-12-29 21:30:00+00:00,10.0
2023-12-29 21:40:00+00:00,10.0
2023-12-29 21:50:00+00:00,10.0
2023-12-29 22:00:00+00:00,10.0
2023-12-29 22:10:00+00:00,10.0
2023-12-29 22:20:00+00:00,10.0
2023-12-29 22:30:00+00:00,10.0
2023-12-29 22:40:00+00:00,10.0
2023-12-29 22:50:00+00:00,10.0
2023-12-29 23:00:00+00:00,10.0
2023-12-29 23:10:00+00:00,10.0
2023-12-29 23:20:00+00:00,10.0
2023-12-29 23:30:00+00:00,10.0
2023-12-29 23:40:00+00:00,10.0
2023-12-29 23:50:00+00:00,10.0
2023-12-30 00:00:00+00:00,10.0
2023-12-30 00:10:00+00:00,10.0
2023-12-30 00:20:00+00:00,10.0
2023-12-30 00:30:00+00:00,10.0
2023-12-30 00:40:00+00:00,10.0
2023-12-30 00:50:00+00:00,10.0
2023-12-30 01:00:00+00:00,10.0
2023-12-30 01:10:00+00:00,10.0
2023-12-30 01:20:00+00:00,10.0
2023-12-30 01:30:00+00:00,10.0
2023-12-30 01:40:00+00:00,10.0
2023-12-30 01:50:00+00:00,10.0
2023-12-30 02:00:00+00:00,10.0
2023-12-30 02:10:00+00:00,10.0
2023-12-30 02:20:00+00:00,10.0
2023-12-30 02:30:00+00:00,10.0
2023-12-30 02:40:00+00:00,10.0
2023-12-30 02:50:00+00:00,10.0
2023-12-30 03:00:00+00:00,10.0
2023-12-30 03:10:00+00:00,10.0
2023-12-30 03:20:00+00:00,10.0
2023-12-30 03:30:00+00:00,8.62
2023-12-30 03:40:00+00:00,9.28
2023-12-30 03:50:00+00:00,10.0
2023-12-30 04:00:00+00:00,10.0
2023-12-30 04:10:00+00:00,10.0
2023-12-30 04:20:00+00:00,10.0
2023-12-30 04:30:00+00:00,10.0
2023-12-30 04:40:00+00:00,9.27
2023-12-30 04:50:00+00:00,10.0
2023-12-30 05:00:00+00:00,10.0
2023-12-30 05:10:00+00:00,10.0
2023-12-30 05:20:00+00:00,10.0
2023-12-30 05:30:00+00:00,8.39
2023-12-30 05:40:00+00:00,10.0
2023-12-30 05:50:00+00:00,10.0
2023-12-30 06:00:00+00:00,10.0
2023-12-30 06:10:00+00:00,10.0
2023-12-30 06:20:00+00:00,10.0
2023-12-30 06:30:00+00:00,10.0
2023-12-30 06:40:00+00:00,10.0
2023-12-30 06:50:00+00:00,10.0
2023-12-30 07:00:00+00:00,10.0
2023-12-30 07:10:00+00:00,10.0
2023-12-30 07:20:00+00:00,10.0
2023-12-30 07:30:00+00:00,10.0
2023-12-30 07:40:00+00:00,10.0
2023-12-30 07:50:00+00:00,9.58
2023-12-30 08:00:00+00:00,10.0
2023-12-30 08:10:00+00:00,10.0
2023-12-30 08:20:00+00:00,10.0
2023-12-30 08:30:00+00:00,10.0
2023-12-30 08:40:00+00:00,10.0
2023-12-30 08:50:00+00:00,10.0
2023-12-30 09:00:00+00:00,10.0
2023-12-30 09:10:00+00:00,10.0
2023-12-30 09:20:00+00:00,10.0
2023-12-30 09:30:00+00:00,10.0
2023-12-30 09:40:00+00:00,10.0
2023-12-30 09:50:00+00:00,10.0
2023-12-30 10:00:00+00:00,10.0
2023-12-30 10:10:00+00:00,10.0
2023-12-30 10:20:00+00:00,10.0
2023-12-30 10:30:00+00:00,10.0
2023-12-30 10:40:00+00:00,10.0
2023-12-30 10:50:00+00:00,10.0
2023-12-30 11:00:00+00:00,10.0
2023-12-30 11:10:00+00:00,10.0
2023-12-30 11:20:00+00:00,10.0
2023-12-30 11:30:00+00:00,10.0
2023-12-30 11:40:00+00:00,10.0
2023-12-30 11:50:00+00:00,10.0
2023-12-30 12:00:00+00:00,10.0
2023-12-30 12:10:00+00:00,10.0
2023-12-30 12:20:00+00:00,10.0
2023-12-30 12:30:00+00:00,10.0
2023-12-30 12:40:00+00:00,10.0
2023-12-30 12:50:00+00:00,10.0
2023-12-30 13:00:00+00:00,10.0
2023-12-30 13:10:00+00:00,10.0
2023-12-30 13:20:00+00:00,10.0
2023-12-30 13:30:00+00:00,10.0
2023-12-30 13:40:00+00:00,10.0
2023-12-30 13:50:00+00:00,10.0
2023-12-30 14:00:00+00:00,10.0
2023-12-30 14:10:00+00:00,10.0
2023-12-30 14:20:00+00:00,10.0
2023-12-30 14:30:00+00:00,10.0
2023-12-30 14:40:00+00:00,10.0
2023-12-30 14:50:00+00:00,10.0
2023-12-30 15:00:00+00:00,10.0
2023-12-30 15:10:00+00:00,10.0
2023-12-30 15:20:00+00:00,10.0
2023-12-30 15:30:00+00:00,10.0
2023-12-30 15:40:00+00:00,10.0
2023-12-30 15:50:00+00:00,10.0
2023-12-30 16:00:00+00:00,10.0
2023-12-30 16:10:00+00:00,10.0
2023-12-30 16:20:00+00:00,10.0
2023-12-30 16:30:00+00:00,10.0
2023-12-30 16:50:00+00:00,10.0
2023-12-30 17:00:00+00:00,10.0
2023-12-30 17:10:00+00:00,10.0
2023-12-30 17:20:00+00:00,10.0
2023-12-30 17:30:00+00:00,10.0
2023-12-30 17:50:00+00:00,10.0
2023-12-30 18:00:00+00:00,10.0
2023-12-30 18:10:00+00:00,10.0
2023-12-30 18:20:00+00:00,10.0
2023-12-30 18:30:00+00:00,10.0
2023-12-30 18:40:00+00:00,10.0
2023-12-30 18:50:00+00:00,10.0
2023-12-30 19:00:00+00:00,10.0
2023-12-30 19:10:00+00:00,10.0
2023-12-30 19:20:00+00:00,10.0
2023-12-30 19:30:00+00:00,10.0
2023-12-30 19:40:00+00:00,10.0
2023-12-30 19:50:00+00:00,10.0
2023-12-30 20:00:00+00:00,10.0
2023-12-30 20:10:00+00:00,10.0
2023-12-30 20:20:00+00:00,10.0
2023-12-30 20:30:00+00:00,10.0
2023-12-30 20:40:00+00:00,10.0
2023-12-30 20:50:00+00:00,10.0
2023-12-30 21:00:00+00:00,10.0
2023-12-30 21:10:00+00:00,10.0
2023-12-30 21:20:00+00:00,10.0
2023-12-30 21:30:00+00:00,10.0
2023-12-30 21:40:00+00:00,10.0
2023-12-30 21:50:00+00:00,10.0
2023-12-30 22:00:00+00:00,10.0
2023-12-30 22:10:00+00:00,10.0
2023-12-30 22:20:00+00:00,10.0
2023-12-30 22:30:00+00:00,10.0
2023-12-30 22:40:00+00:00,10.0
2023-12-30 22:50:00+00:00,10.0
2023-12-30 23:00:00+00:00,10.0
2023-12-30 23:10:00+00:00,10.0
2023-12-30 23:20:00+00:00,10.0
2023-12-30 23:30:00+00:00,10.0
2023-12-30 23:40:00+00:00,10.0
2023-12-30 23:50:00+00:00,10.0
2023-12-31 00:00:00+00:00,10.0
2023-12-31 00:10:00+00:00,10.0
2023-12-31 00:20:00+00:00,10.0
2023-12-31 00:30:00+00:00,10.0
2023-12-31 00:40:00+00:00,10.0
2023-12-31 00:50:00+00:00,10.0
2023-12-31 01:00:00+00:00,10.0
2023-12-31 01:10:00+00:00,10.0
2023-12-31 01:20:00+00:00,10.0
2023-12-31 01:30:00+00:00,10.0
2023-12-31 01:40:00+00:00,10.0
2023-12-31 01:50:00+00:00,10.0
2023-12-31 02:00:00+00:00,10.0
2023-12-31 02:10:00+00:00,10.0
2023-12-31 02:20:00+00:00,10.0
2023-12-31 02:30:00+00:00,10.0
2023-12-31 02:40:00+00:00,10.0
2023-12-31 02:50:00+00:00,10.0
2023-12-31 03:00:00+00:00,10.0
2023-12-31 03:10:00+00:00,10.0
2023-12-31 03:20:00+00:00,10.0
2023-12-31 03:30:00+00:00,10.0
2023-12-31 03:40:00+00:00,10.0
2023-12-31 03:50:00+00:00,10.0
2023-12-31 04:00:00+00:00,10.0
2023-12-31 04:10:00+00:00,10.0
2023-12-31 04:20:00+00:00,8.74
2023-12-31 04:30:00+00:00,9.87
2023-12-31 04:40:00+00:00,9.4
2023-12-31 05:00:00+00:00,8.05
2023-12-31 05:10:00+00:00,7.84
2023-12-31 05:20:00+00:00,6.19
2023-12-31 05:30:00+00:00,7.29
2023-12-31 05:40:00+00:00,7.02
2023-12-31 05:50:00+00:00,8.13
2023-12-31 06:00:00+00:00,7.23
2023-12-31 06:10:00+00:00,6.54
2023-12-31 06:20:00+00:00,7.7
2023-12-31 06:30:00+00:00,5.94
2023-12-31 06:40:00+00:00,5.04
2023-12-31 06:50:00+00:00,8.38
2023-12-31 07:00:00+00:00,8.44
2023-12-31 07:10:00+00:00,6.47
2023-12-31 07:20:00+00:00,7.27
2023-12-31 07:30:00+00:00,7.32
2023-12-31 07:40:00+00:00,5.98
2023-12-31 07:50:00+00:00,7.31
2023-12-31 08:00:00+00:00,7.08
2023-12-31 08:10:00+00:00,7.99
2023-12-31 08:20:00+00:00,6.92
2023-12-31 08:30:00+00:00,7.92
2023-12-31 08:40:00+00:00,7.67
2023-12-31 08:50:00+00:00,10.0
2023-12-31 09:00:00+00:00,9.25
2023-12-31 09:10:00+00:00,8.63
2023-12-31 09:20:00+00:00,9.83
2023-12-31 09:30:00+00:00,8.14
2023-12-31 09:40:00+00:00,9.18
2023-12-31 09:50:00+00:00,10.0
2023-12-31 10:00:00+00:00,7.6
2023-12-31 10:10:00+00:00,7.71
2023-12-31 10:20:00+00:00,10.0
2023-12-31 10:30:00+00:00,10.0
2023-12-31 10:40:00+00:00,8.85
2023-12-31 10:50:00+00:00,7.77
2023-12-31 11:00:00+00:00,6.78
2023-12-31 11:10:00+00:00,7.76
2023-12-31 11:20:00+00:00,8.08
2023-12-31 11:30:00+00:00,7.58
2023-12-31 11:40:00+00:00,6.46
2023-12-31 11:50:00+00:00,6.96
2023-12-31 12:00:00+00:00,6.51
2023-12-31 12:10:00+00:00,7.88
2023-12-31 12:20:00+00:00,6.88
2023-12-31 12:30:00+00:00,6.79
2023-12-31 12:40:00+00:00,7.72
2023-12-31 12:50:00+00:00,7.48
2023-12-31 13:00:00+00:00,5.04
2023-12-31 13:10:00+00:00,5.42
2023-12-31 13:20:00+00:00,7.66
2023-12-31 13:30:00+00:00,5.92
2023-12-31 13:40:00+00:00,7.46
2023-12-31 13:50:00+00:00,7.36
2023-12-31 14:00:00+00:00,6.53
2023-12-31 14:10:00+00:00,5.56
2023-12-31 14:20:00+00:00,5.58
2023-12-31 14:30:00+00:00,6.61
2023-12-31 14:40:00+00:00,6.65
2023-12-31 14:50:00+00:00,6.65
2023-12-31 15:10:00+00:00,6.49
2023-12-31 15:20:00+00:00,7.56
2023-12-31 15:30:00+00:00,7.77
2023-12-31 15:40:00+00:00,6.71
2023-12-31 15:50:00+00:00,8.03
2023-12-31 16:00:00+00:00,8.28
2023-12-31 16:10:00+00:00,8.51
2023-12-31 16:20:00+00:00,8.54
2023-12-31 16:30:00+00:00,8.63
2023-12-31 16:40:00+00:00,8.63
2023-12-31 16:50:00+00:00,8.91
2023-12-31 17:00:00+00:00,8.51
2023-12-31 17:10:00+00:00,9.35
2023-12-31 17:20:00+00:00,9.82
2023-12-31 17:30:00+00:00,10.0
2023-12-31 17:40:00+00:00,10.0
2023-12-31 17:50:00+00:00,10.0
2023-12-31 18:00:00+00:00,10.0
2023-12-31 18:10:00+00:00,10.0
2023-12-31 18:20:00+00:00,10.0
2023-12-31 18:30:00+00:00,10.0
2023-12-31 18:40:00+00:00,10.0
2023-12-31 18:50:00+00:00,10.0
2023-12-31 19:00:00+00:00,10.0
2023-12-31 19:10:00+00:00,10.0
2023-12-31 19:20:00+00:00,10.0
2023-12-31 19:30:00+00:00,10.0
2023-12-31 19:40:00+00:00,10.0
2023-12-31 19:50:00+00:00,10.0
2023-12-31 20:00:00+00:00,10.0
2023-12-31 20:10:00+00:00,10.0
2023-12-31 20:20:00+00:00,10.0
2023-12-31 20:30:00+00:00,10.0
2023-12-31 20:40:00+00:00,10.0
2023-12-31 20:50:00+00:00,10.0
2023-12-31 21:00:00+00:00,10.0
2023-12-31 21:10:00+00:00,10.0
2023-12-31 21:20:00+00:00,10.0
2023-12-31 21:30:00+00:00,10.0
2023-12-31 21:40:00+00:00,10.0
2023-12-31 21:50:00+00:00,10.0
2023-12-31 22:00:00+00:00,10.0
2023-12-31 22:10:00+00:00,10.0
2023-12-31 22:20:00+00:00,10.0
2023-12-31 22:30:00+00:00,10.0
2023-12-31 22:40:00+00:00,10.0
2023-12-31 22:50:00+00:00,10.0
2023-12-31 23:00:00+00:00,10.0
2023-12-31 23:20:00+00:00,10.0
2023-12-31 23:30:00+00:00,10.0
2023-12-31 23:40:00+00:00,10.0
2023-12-31 23:50:00+00:00,10.0
2024-01-01 00:00:00+00:00,10.0
